,OGK,Zaafir,Subhi,Usman,Haris,Rumail,Shahzaib,Rayaan,Zayaan,Umran,Subhani,Ibaad,Gondy,Sameer A,Affan,Khizer B,Reza,Rafay
Match 1,691.5,771.5,535.0,939.0,786.0,769.5,605.0,639.9651254329557,704.087568073196,757.5,862.0,483.0,802.5,437.0,804.5,621.0,437.0,653.0
Match 2,675.0,903.0,698.7109750907506,476.0,767.0,452.0,520.4105349274182,581.5,633.0,973.0,759.4338148088636,598.0,806.0,622.0,691.7244552375437,607.0,601.0914939132888,784.0
Match 3,930.0,915.0,986.0,849.0,588.0,698.0,474.0,787.0,722.0,833.0,809.6797559749054,474.0,885.0,458.0,495.0,640.2195846367939,879.0,597.0
Match 4,641.0,739.0,698.5,762.0,667.5,801.0,553.7871925111605,663.1428778009644,789.5,760.0,846.5,630.4764443380344,708.5,658.2764443380345,880.0,562.5,634.468151497031,753.5
Match 5,561.0,739.0,618.0,737.0,591.0,661.1690102716301,513.7769630721218,633.0,687.2550910021661,794.0,660.0,778.0,728.0,781.0,813.0,615.0,484.0,613.0
Match 6,815.0,688.0,651.0655573843401,657.0,665.0,620.157164420516,472.7651172210077,469.0,622.5,777.0,614.0,603.0,654.5,777.0,450.0,478.0,566.0,689.0
Match 7,0.0,0.0,0.0,0.0,0.0,0.0,0.0,0.0,0.0,0.0,0.0,0.0,0.0,0.0,0.0,0.0,0.0,0.0
