,OGK,Zaafir,Subhi,Usman,Haris,Rumail,Shahzaib,Rayaan,Zayaan,Umran,Subhani,Ibaad,Gondy,Sameer A,Affan,Khizer B,Reza,Rafay
Match 1,691.5,771.5,535.0,939.0,786.0,769.5,605.0,643.5365491795466,719.8016854252464,757.5,862.0,483.0,802.5,437.0,804.5,621.0,659.6548923519144,653.0
Match 2,675.0,903.0,698.787419808543,476.0,767.0,452.0,500.79035279139725,581.5,633.0,973.0,733.5758231869693,598.0,806.0,622.0,677.3794726603355,607.0,635.1289337857877,784.0
Match 3,930.0,915.0,986.0,849.0,588.0,698.0,474.0,787.0,722.0,833.0,783.3050454475854,474.0,885.0,458.0,495.0,629.5287632766273,879.0,597.0
Match 4,641.0,739.0,698.5,762.0,667.5,801.0,542.0309947118424,660.2512325338649,789.5,760.0,846.5,664.8820091899004,708.5,712.4597446592045,880.0,562.5,676.3695757062328,753.5
Match 5,561.0,739.0,618.0,737.0,591.0,663.7827478446142,494.8730374619413,633.0,689.3584115296637,794.0,660.0,778.0,728.0,781.0,813.0,615.0,484.0,613.0
Match 6,815.0,688.0,651.7708840090486,657.0,665.0,622.6835273745758,453.77381699190283,469.0,622.5,777.0,614.0,603.0,654.5,777.0,450.0,478.0,566.0,689.0
Match 7,0.0,0.0,0.0,0.0,0.0,0.0,0.0,0.0,0.0,0.0,0.0,0.0,0.0,0.0,0.0,0.0,0.0,0.0
